Tital,URL,Date
What Is Data Scraping And How Can You Use It? | Target ...,https://www.targetinternet.com/what-is-data-scraping-and-how-can-you-use-it/,"Sep 13, 2017 - Uploaded by Lucy Provost"
Web Scraping With Python - A Beginner's Guide | Edureka,https://www.edureka.co/blog/web-scraping-with-python/,"Feb 27, 2020 - Uploaded by edureka!"
What is Web Scraping and What is it Used For? | ParseHub,https://www.parsehub.com/blog/what-is-web-scraping/,"Aug 6, 2019 - Uploaded by ParseHub"
"Data Scraping from websites into Excel | Web Scraping, Lead ...",https://www.youtube.com/watch?v=YQbe20G0ZSM,"Jan 6, 2018 - Uploaded by Video Editing & Video Marketing Services"
What is DATA SCRAPING? What does DATA SCRAPING ...,https://www.youtube.com/watch?v=omTtMylcWOI,"Sep 21, 2017 - Uploaded by The Audiopedia"
What is Web Scraping and How Does Web Crawling Work?,https://scrapinghub.com/what-is-web-scraping,"May 18, 2019 - Uploaded by Scrapinghub"
Web Scraping Tutorial - How to Scrape Modern Websites for ...,https://www.youtube.com/watch?v=vsmxMLmroyQ,"Mar 10, 2017 - Uploaded by Fullstack Academy"
Best Data Scraping Tools for 2020 (Top 10 Reviews) | Octoparse,https://www.octoparse.com/blog/best-data-scraping-tools-for-2019-top-10-reviews,"Jun 3, 2019 - Uploaded by Octoparse"
5 Best Web Scraping Tools in 2020! - YouTube,https://www.youtube.com/watch?v=QbkXCkcmHJI,"Apr 8, 2019 - Uploaded by Octoparse"
Top 30 Free Web Scraping Software in 2020 | Octoparse,https://www.octoparse.com/blog/top-30-free-web-scraping-software,"May 19, 2019 - Uploaded by Octoparse"
Data Scraping for SEO & Analytics - Tutorial - Optimize Smart,https://www.optimizesmart.com/data-scraping-guide-for-seo/,"Oct 7, 2011 - Uploaded by Garrett French CL"
10 Myths about Web Scraping [NEW] | Octoparse,https://www.octoparse.com/blog/10-myths-about-web-scraping,"Jul 30, 2019 - Uploaded by Octoparse"
What is data scraping? Web crawling vs web scraping ...,https://oxylabs.io/blog/crawling-vs-scraping,4 days ago - Uploaded by Oxylabs
Examples of Businesses Who Use Data Scraping | Octoparse,https://www.octoparse.com/blog/examples-of-who-use-data-scraping,"Apr 1, 2016 - Uploaded by Octoparse"
Web Scraping With Python | Python Tutorial | Web ... - YouTube,https://www.youtube.com/watch?v=mKxFfjNyj3c,"Dec 12, 2017 - Uploaded by edureka!"
Web Scraping Tutorial - How to Seed your Database with Web ...,https://www.youtube.com/watch?v=_opDs6UPDyo,"Mar 10, 2017 - Uploaded by Fullstack Academy"
15 Most Frequently Asked Questions about Web Scraping (Q&A),https://www.octoparse.com/blog/15-most-frequently-asked-questions-of-web-scraping,"Feb 1, 2019 - Uploaded by Octoparse"
Web Scraper intro tutorial - YouTube,https://www.youtube.com/watch?v=n7fob_XVsbY,"Jun 25, 2019 - Uploaded by Web Scraper"
Web Scraping Software - UiPath,https://www.uipath.com/solutions/technology/web-scraping-software,"Jan 31, 2015 - Uploaded by UiPath"
Top 20 Web Crawling Tools to Scrape the Websites Quickly ...,https://www.octoparse.com/blog/top-20-web-crawling-tools-for-extracting-web-data,"Aug 23, 2019 - Uploaded by Octoparse"
Web Scraping Examples: How are Businesses Using Web ...,https://www.parsehub.com/blog/web-scraping-examples/,"Oct 28, 2019 - Uploaded by ParseHub"
What is Web Scraping and Who is Using it? | Octoparse,https://www.octoparse.com/blog/what-is-web-scraping,"Aug 27, 2018 - Uploaded by Octoparse"
"Big Data: What Is Web Scraping, and Why Does It Matter ...",https://www.octoparse.com/blog/big-data-what-is-web-scraping-and-why-does-it-matter,"Feb 24, 2020 - Uploaded by Octoparse"
How to Generate Sales Leads Using Web Scraping | Octoparse,https://www.octoparse.com/blog/lead-generation-with-web-scraping,"Sep 27, 2019 - Uploaded by Octoparse"
5 मिनट में Web scrapping || Instant data scraper || No ...,https://www.youtube.com/watch?v=_Ho1FXYngnw,"Jun 28, 2019 - Uploaded by Helping Abhi"
Intro to Web Scraping with Python and Beautiful Soup - YouTube,https://www.youtube.com/watch?v=XQgXKtPSzUI,"Jan 7, 2017 - Uploaded by Data Science Dojo"
Automate Web Data Extraction and Data Scraping ...,https://www.helpsystems.com/product-lines/automate/data-scraping-extraction,"Sep 6, 2015"
Web Scraping Tool to Extract Data from Websites - Agenty,https://www.agenty.com/products/scraping-agent/,"Oct 30, 2019 - Uploaded by Agenty"
Data Scraping and Mining From Websites Free No Coding ...,https://www.youtube.com/watch?v=CKRjXZSgg-g,"Feb 21, 2017 - Uploaded by Just2 Techno"
Intro To Web Scraping With Python - YouTube,https://www.youtube.com/watch?v=4UcqECQe5Kc,"Jul 29, 2018 - Uploaded by Traversy Media"
What can Web Scraping be Used For? | ParseHub,https://www.parsehub.com/blog/web-scraping-uses/,"Feb 17, 2020 - Uploaded by ParseHub"
Web Data Extraction Automation - UiPath,https://www.uipath.com/developers/video-tutorials/web-data-extraction-automation,"Oct 6, 2014 - Uploaded by UiPath"
Scraping Data from Website to Excel (Tutorial 2020) | Octoparse,https://www.octoparse.com/blog/scraping-data-from-website-to-excel,"Feb 1, 2020 - Uploaded by Octoparse"
Linkedin Data Scraping | Extract Information from LinkedIn ...,https://www.youtube.com/watch?v=beLHp7QlJmQ,"Mar 20, 2019 - Uploaded by Video Editing & Video Marketing Services"
Web Scraping Templates Take Away! | Octoparse,https://www.octoparse.com/blog/big-announcement-web-scraping-template-take-away,"Jun 18, 2019 - Uploaded by Octoparse"
Data scraping from single pages | Octoparse,https://www.octoparse.com/tutorial/single-page-web-scraping-octoparse,"Jun 23, 2016 - Uploaded by Octoparse"
Web Scraping vs API: What's the Difference? | ParseHub,https://www.parsehub.com/blog/web-scraping-vs-api/,"Mar 9, 2020 - Uploaded by ParseHub"
QVC Can't Stop Web Scraping - Forbes,https://www.forbes.com/sites/ericgoldman/2015/03/24/qvc-cant-stop-web-scraping/,"Mar 24, 2015"
Web Scraping Python Tutorial - Web Scraping using Python ...,https://intellipaat.com/blog/tutorial/python-tutorial/python-web-scraping-tutorial/,"Dec 4, 2019 - Uploaded by Intellipaat"
Web Scraping for Lead Generation | Octoparse,https://www.octoparse.com/blog/web-scraping-for-lead-generation,"Aug 29, 2017 - Uploaded by Octoparse"
Web Scraping 101: What is it & Is Web Scraping Legal? | Best ...,https://www.bestproxyreviews.com/web-scraping/,"Mar 24, 2020 - Uploaded by ProWebScraper"
Is Web Scraping Legal? | ParseHub,https://www.parsehub.com/blog/web-scraping-legal/,"Oct 7, 2019 - Uploaded by ParseHub"
UiPath Data Scraping in Hindi| Web Data Extraction in Hindi ...,https://www.youtube.com/watch?v=mip15KZKyTs,"Dec 31, 2018 - Uploaded by UiPath RPA"
The Ultimate Web Scrapping Tutorial You'll Ever Need,https://www.digitalvidya.com/blog/web-scrapping-tutorial/,"Dec 12, 2019 - Uploaded by edureka!"
What is Data Scraping | Scraping Data From the Web ...,https://teamtreehouse.com/library/what-is-data-scraping,"Aug 23, 2018"
Data scraping: How to read all table content from multiple ...,https://intellipaat.com/community/42399/data-scraping-how-to-read-all-table-content-from-multiple-pages-using-next-page,"Jan 24, 2020 - Uploaded by Intellipaat"
How to Scrape a Website that Requires Login | ParseHub,https://www.parsehub.com/blog/web-scrape-login/,"Jan 20, 2020 - Uploaded by ParseHub"
Web Scraper | Web Scraping using web scraper chrome ...,https://www.youtube.com/watch?v=ZdOrH50WqEo,"Nov 14, 2017 - Uploaded by Video Editing & Video Marketing Services"
Web Scraping vs Data Mining: What's the Difference ...,https://www.parsehub.com/blog/web-scraping-vs-data-mining/,"Mar 2, 2020 - Uploaded by ParseHub"
How Data Scraping is Revolutionizing Real Estate Industry ...,https://oxylabs.io/blog/data-scraping-for-real-estate,"Nov 6, 2019 - Uploaded by Oxylabs"
What is WEB SCRAPING? What does WEB SCRAPING mean ...,https://www.youtube.com/watch?v=7IUfRVYew-o,"Jan 20, 2017 - Uploaded by The Audiopedia"
"Web scraping in 2018 — forget HTML, use XHRs, metadata or ...",https://blog.apify.com/web-scraping-in-2018-forget-html-use-xhrs-metadata-or-javascript-variables-8167f252439c,"Feb 8, 2018 - Uploaded by Jakub Balada"
5 Reasons Why Web Scraping May Benefit Your Business ...,https://www.octoparse.com/blog/why-web-scraping-may-benefit-your-business,"Dec 17, 2019 - Uploaded by Octoparse"
Is Web Scraping Easy? How to Scrape Data without Coding ...,https://www.parsehub.com/blog/web-scraping-easy/,"Feb 10, 2020 - Uploaded by ParseHub"
Web Scraping: The Comprehensive Guide for 2020 ...,https://prowebscraper.com/blog/what-is-web-scraping/,"Feb 17, 2020 - Uploaded by ProWebScraper"
9 Popular Cloud-based Web Scraping Solutions - Geekflare,https://geekflare.com/web-scraping-tools/,"Feb 5, 2020 - Uploaded by Web Scraper"
Step-by-step Complete Guide to Web Scraping with Python,https://www.digitalvidya.com/blog/web-scraping-with-python/,"May 6, 2019 - Uploaded by Corey Schafer"
Web Scraping Using C# - Diligent Dev - Medium,https://medium.com/@diligentdev/web-scraping-using-c-35dffe27ff1a,"Jan 27, 2020 - Uploaded by Diligent Dev"
Web scraping: Reliably and efficiently pull data from pages ...,https://www.youtube.com/watch?v=52wxGESwQSA,"Mar 9, 2012 - Uploaded by Next Day Video"
UiPath | Data Scraping from a Web Page to Excel | Tutorial ...,https://www.youtube.com/watch?v=vIAJvk4quqA,"Jan 22, 2020 - Uploaded by Anders Jensen"
Web Scraping API for Data Extraction: A Beginner's Guide ...,https://www.octoparse.com/blog/web-scraping-api-for-data-extraction-a-beginners-guide,"Jan 20, 2020 - Uploaded by Octoparse"
Creating a horse racing Tableau dashboard from data scraping,https://www.import.io/post/data-scraping-horse-racing/,"Apr 13, 2018 - Uploaded by Craig S Dewar"
Sources of Data - Web Scraping Example 2 - YouTube,https://www.youtube.com/watch?v=woQ4y4jlRjk,"Aug 9, 2016 - Uploaded by Udacity"
Data scraping using Uipath - YouTube,https://www.youtube.com/watch?v=yDpsq5v4UTo,"Oct 16, 2018 - Uploaded by IdeasBySupreet"
How Web Scraping for Content Curation Works | Octoparse,https://www.octoparse.com/blog/how-web-scraping-for-content-curation-works,"Aug 14, 2019 - Uploaded by Octoparse"
"Do web scraping, data extraction and data mining by ... - Fiverr",https://www.fiverr.com/scrapingexperts/do-web-scraping-data-extraction-and-data-mining,"Dec 2, 2018"
How to Scrape Websites Without Being Blocked? | Octoparse,https://www.octoparse.com/blog/scrape-websites-without-being-blocked,"Jul 5, 2019 - Uploaded by Octoparse"
How to Scrape Data from a Website on to Excel | ParseHub,https://www.parsehub.com/blog/web-scraping-excel-sheet/,"Aug 19, 2019 - Uploaded by ParseHub"
Stock Market Analysis using Web Scraping in 2020 | Octoparse,https://www.octoparse.com/blog/stock-market-analysis-using-web-scraping,"Sep 29, 2019 - Uploaded by Octoparse"
How to scrape Historical Twitter Data using Web Scraper and ...,https://www.scrapehero.com/how-to-scrape-historical-search-data-from-twitter/,"Oct 24, 2018 - Uploaded by ScrapeHero"
Tools to scrape leads for Enterprise and B2B Outbound ...,https://medium.com/paua-insights/scrape-leads-for-enterprise-and-b2b-outbound-marketing-%EF%B8%8F-c30fd587d915,"Apr 20, 2018 - Uploaded by Data Miner"
HOW TO DO WEB SCRAPING USING PYTHON — URLLIB ...,https://medium.com/@mahmudahsan/how-to-do-web-scraping-using-python-urllib-beautifulsoup-logging-d0b70c8222ae,"Feb 25, 2018 - Uploaded by Mahmud Ahsan"
Hire Web Scraper | Website Scraper | Web Scraping | Data ...,https://www.gurutechnolabs.com/hire-web-scraper/,"Mar 20, 2020 - Uploaded by Guru Technolabs"
Automate Web Data Scraping | HelpSystems,https://www.helpsystems.com/blog/automate-data-web-scraping,"Apr 3, 2017"
Web scraping in Python (Part 1): Getting started - YouTube,https://www.youtube.com/watch?v=r_xb0vF1uMc,"Aug 11, 2017 - Uploaded by Data School"
Python Tutorial: Web Scraping with BeautifulSoup and ...,https://www.youtube.com/watch?v=ng2o98k983k,"Nov 8, 2017 - Uploaded by Corey Schafer"
Automated Web Scraping in R using rvest - YouTube,https://www.youtube.com/watch?v=NwtxrbqE2Gc,"Feb 15, 2019 - Uploaded by Data Science Dojo"
5 Anti-Scraping Techniques You May Encounter | Octoparse,https://www.octoparse.com/blog/5-anti-scraping-techniques-you-may-encounter,"Aug 9, 2019 - Uploaded by Octoparse"
HTML Scraping: How to Scrape any Website | ParseHub,https://www.parsehub.com/blog/html-scraping/,"Sep 23, 2019 - Uploaded by ParseHub"
Beginner's guide to web scraping with python's selenium ...,https://dev.to/lewiskori/beginner-s-guide-to-web-scraping-with-python-s-selenium-3fl9,"Sep 4, 2019 - Uploaded by LucidProgramming"
Beautiful Soup Tutorial - Web Scraping in Python - YouTube,https://www.youtube.com/watch?v=87Gx3U0BDlo,"Jan 4, 2019 - Uploaded by freeCodeCamp.org"
ImportFromWeb | Easy Web Scraping - G Suite Marketplace,https://gsuite.google.com/marketplace/app/importfromweb_easy_web_scraping/278587576794,"Feb 5, 2020 - Uploaded by NoDataNoBusiness"
Practical Introduction to Web Scraping in R | R-bloggers,https://www.r-bloggers.com/practical-introduction-to-web-scraping-in-r/,"Apr 10, 2019 - Uploaded by Rsquared Academy"
Web Scraping: How to Get Coronavirus Data (COVID-19 ...,https://www.octoparse.com/blog/get-real-time-coronavirus-data-sars-cov-2,"Feb 13, 2020 - Uploaded by Octoparse"
Data scraping from details of Lists/tables in web pages ...,https://www.octoparse.com/tutorial/list-detail-page-introduction,"Mar 9, 2016 - Uploaded by Octoparse"
PDF Data Scraping - PDFix.net | Making the PDF World ...,https://pdfix.net/features/pdf-data-scraping/,"Jul 24, 2018 - Uploaded by Team PDFix"
Extract Data from Website to Excel Automatically | Octoparse,https://www.octoparse.com/blog/extract-data-from-website-to-excel-automatically,"Mar 19, 2020 - Uploaded by Octoparse"
Automated Data Scraping in Action | HelpSystems,https://www.helpsystems.com/blog/rpa-action-automated-data-scraping,"Jan 20, 2020"
Want to Extract a Big Amount of Data from the Web? Use Web ...,https://dzone.com/articles/want-extract-big-amount-data,"Jun 3, 2015 - Uploaded by Rock the JVM"
20 best web scraping tools for 2020 - ScrapingBee,https://www.scrapingbee.com/blog/web-scraping-tools/,"Feb 19, 2020 - Uploaded by Web Scraper"
Build your blog fast with Web Scraping | Octoparse,https://www.octoparse.com/blog/build-your-blog-fast-with-web-scraping,"Aug 10, 2017 - Uploaded by Octoparse"
Scraping public data from a website probably isn't hacking ...,https://www.theverge.com/2019/9/10/20859399/linkedin-hiq-data-scraping-cfaa-lawsuit-ninth-circuit-ruling,"Sep 10, 2019 - Uploaded by The Verge"
Price Scraping: How to Scrape Product Details from E ...,https://www.octoparse.com/blog/price-scraping-octoparse-free-web-scraping-software,"Feb 23, 2017 - Uploaded by Octoparse"
How to Extract Multiple Web Pages by Using Google Chorme ...,https://www.youtube.com/watch?v=Gz3fbdXnjmw,"Feb 9, 2019 - Uploaded by Azharul Rafy"
web scraping using python for beginners - YouTube,https://www.youtube.com/watch?v=0_VZ7NpVw1Y,"Feb 15, 2018 - Uploaded by Hitesh Choudhary"
How to Build a Web Crawler– A Guide for Beginners | Octoparse,https://www.octoparse.com/blog/how-to-build-a-web-crawler-from-scratch-a-guide-for-beginners,"Jun 4, 2019 - Uploaded by Octoparse"
About Scrapinghub - The World's Leading Web Scraping ...,https://scrapinghub.com/about,"Nov 21, 2018"
Web Scraping With Google Sheets | Hacker Noon,https://hackernoon.com/web-scraping-with-google-sheets-20d0dce323cc,"May 16, 2018 - Uploaded by Ben R"
Data Scraping Services | F6S,https://www.f6s.com/datascrapingservices,"Jan 8, 2017"
Web Scraping vs API - Web Data Extraction - Grepsr,https://www.grepsr.com/web-scraping-vs-api/,"Dec 12, 2013 - Uploaded by grepsr"
